query,total_impressions,pos_gap,page_a,pos_a,impr_a,page_b,pos_b,impr_b
head of business development,1469,66.4,/blog/head-of-business-development-roles-responsibilities,7.8,1432,/blog/business-development-manager-roles-responsibilities,74.2,37
interpersonal skills vs intrapersonal skills,1089,56.5,/blog/interpersonal-vs-intrapersonal-skills,3.5,1080,/blog/personal-vs-interpersonal-skills,60,9
management skills,979,16.4,/blog/essential-manager-skills,62.9,713,/blog/it-manager-skills,79.3,266
training management system,782,19.5,/training-management-software,62.3,431,/blog/key-training-management-system-tms-features,81.8,351
jobs near me hiring,761,1.2,/blog/skills-in-demand-in-france,5.5,59,/blog/skills-in-demand-in-china,6.7,702
inter vs intra personal,660,45.5,/blog/interpersonal-vs-intrapersonal-skills,7.8,657,/blog/personal-vs-interpersonal-skills,53.3,3
ceo responsibilities,634,11.1,/blog/executive-director-roles-and-responsibilities,2,3,/blog/chief-executive-officer-roles-and-responsibilities,13.1,631
devops engineer,624,67.4,/blog/devops-engineers-skills,1,2,/blog/devops-engineer-roles-responsibilities,68.4,622
business analysts,616,5.3,/blog/business-analyst-roles-and-responsibilities,37.6,398,/blog/must-have-skills-for-business-analyst,42.9,218
interpersonal skills definition,591,43.0,/blog/interpersonal-vs-intrapersonal-skills,25.0,470,/blog/personal-vs-interpersonal-skills,68.0,121
interpersonal,547,6.5,/blog/interpersonal-vs-intrapersonal-skills,19.1,286,/blog/personal-vs-interpersonal-skills,25.6,261
employee engagement consultant,533,62.9,/blog/top-employee-engagement-consultants,10.5,460,/employee-engagement-consulting-services,73.4,73
skill gaps examples,488,48.4,/blog/common-skills-gap-examples,5.9,465,/blog/how-to-identify-skill-gaps,54.3,23
intrapersonal and interpersonal skills,469,78.4,/blog/interpersonal-vs-intrapersonal-skills,3.0,460,/blog/personal-vs-interpersonal-skills,81.4,9
employee engagement consulting,412,75.4,/blog/top-employee-engagement-consultants,9,333,/employee-engagement-consulting-services,84.4,79
corporate training materials,406,44.7,/blog/how-to-create-corporate-training-materials,14.3,405,/blog/corporate-training-companies-new-zealand,59,1
training needs analysis,382,5.8,/blog/levels-of-training-needs-analysis,45.2,4,/training-needs-analysis-solutions,51.0,378
manager skills,336,29.5,/blog/it-manager-skills,12.9,252,/blog/essential-manager-skills,42.4,84
hr manager,330,48.4,/blog/hr-manager-skills,4,1,/blog/hr-manager-roles-responsibilities,52.4,329
explain the difference between personal traits and interpersonal skills.,328,27.5,/blog/personal-vs-interpersonal-skills,5,326,/blog/interpersonal-vs-intrapersonal-skills,32.5,2
inter and intra personal skills,326,83.7,/blog/interpersonal-vs-intrapersonal-skills,3.3,325,/blog/personal-vs-interpersonal-skills,87,1
corporate sales training programs,307,29.0,/blog/sales-training-companies,1,15,/category/sales-training,30.0,292
leadership conference,306,37.2,/blog/leadership-conferences-in-australia,8.5,188,/blog/leadership-conferences,45.7,118
ceo roles and responsibilities,306,65.2,/blog/chief-executive-officer-roles-and-responsibilities,12.0,283,/blog/executive-director-roles-and-responsibilities,77.2,23
general manager responsibilities,303,54.6,/blog/general-manager-roles-responsibilities,18.8,268,/blog/managing-director-roles-responsibilities,73.4,35
intra vs interpersonal,295,76.2,/blog/interpersonal-vs-intrapersonal-skills,7.3,293,/blog/personal-vs-interpersonal-skills,83.5,2
business analyst skills,294,41.4,/blog/business-analyst-roles-and-responsibilities,1,2,/blog/must-have-skills-for-business-analyst,42.4,292
instructor led training solutions,294,11.3,/blog/instructor-led-training-activities,58.8,57,/instructor-led-training-services,70.1,237
data engineer,292,30.6,/blog/cloud-engineer-skills,1,1,/blog/data-engineer-roles-responsibilities,31.6,291
corporate training videos,287,31.4,/,17.7,3,/blog/must-watch-corporate-training-videos,49.1,284
customer service: soft skills fundamentals,285,52.7,/blog/soft-skills-for-customer-service,9.3,277,/corporate/soft-skills-training-for-customer-service-teams,62,8
difference between interpersonal and intrapersonal,280,70.6,/blog/interpersonal-vs-intrapersonal-skills,10.6,276,/blog/personal-vs-interpersonal-skills,81.2,4
intrapersonal vs interpersonal skills,262,65.9,/blog/interpersonal-vs-intrapersonal-skills,3.9,258,/blog/personal-vs-interpersonal-skills,69.8,4
skills of a manager,255,22.4,/blog/it-manager-skills,9.2,193,/blog/essential-manager-skills,31.6,62
employee engagement consultancy,252,81.5,/blog/top-employee-engagement-consultants,11,231,/employee-engagement-consulting-services,92.5,21
corporate training services market,252,28.4,/blog/corporate-training-companies-singapore,23.2,33,/blog/corporate-training-market-analysis,51.6,219
leadership conferences,251,31.8,/blog/leadership-conferences-in-australia,9.3,115,/blog/leadership-conferences,41.1,136
training topics for employees,249,27.8,/blog/professional-development-training-topics,14.2,216,/blog/trending-corporate-training-topics,42.0,33
employee training,246,22.3,/blog/employee-training-best-practices,54.5,242,/blog/what-is-employee-training-and-development,76.8,4
korea,244,1.5,/blog/skills-in-demand-in-south-korea,3.0,238,/blog/south-korea-work-culture,4.5,6
technology training for employees,244,21.1,/blog/role-of-modern-technology-in-employee-training,56.4,238,/type/it-technical-training,77.5,6
business development role,243,52.2,/blog/head-of-business-development-roles-responsibilities,7.9,228,/blog/business-development-manager-roles-responsibilities,60.1,15
sales team building,239,36.0,/blog/sales-team-activities-exercises-games,20.0,165,/blog/how-to-build-high-performing-sales-team,56.0,74
interpersonal versus intrapersonal,236,66.6,/blog/interpersonal-vs-intrapersonal-skills,8.4,233,/blog/personal-vs-interpersonal-skills,75,3
managing director responsibilities,231,66,/blog/managing-director-roles-responsibilities,11,227,/blog/executive-director-roles-and-responsibilities,77,4
corporate training platforms,231,11.7,/blog/corporate-training-apps,37.5,12,/blog/best-lms-for-corporate-training,49.2,219
talent mobility strategy,230,8.4,/blog/internal-talent-mobility-case-studies,83.0,65,/blog/talent-mobility,91.4,165
skill gap examples,224,64,/blog/common-skills-gap-examples,7,223,/blog/how-to-identify-skill-gaps,71,1
employee engagement consultants,222,79.1,/blog/top-employee-engagement-consultants,9.4,184,/employee-engagement-consulting-services,88.5,38
skills manager,217,31.8,/blog/it-manager-skills,10.7,215,/blog/essential-manager-skills,42.5,2
director of operations,216,21.5,/blog/managing-director-roles-responsibilities,1,1,/blog/director-of-operations-roles-responsibilities,22.5,215
inter vs intra personal skills,214,65.0,/blog/interpersonal-vs-intrapersonal-skills,4.0,213,/blog/personal-vs-interpersonal-skills,69,1
how to improve iot skills,209,264.7,/blog/top-iot-skills-to-learn,5.3,208,/category/iot-training,270,1
competency matrix software,209,1.5,/skill-matrix,42.6,195,/blog/skill-matrix-vs-competency-matrix,44.1,14
employee engagement consulting services market,209,68.3,/blog/top-employee-engagement-consultants,21.2,131,/employee-engagement-consulting-services,89.5,78
interpersonal or intrapersonal,203,70.8,/blog/interpersonal-vs-intrapersonal-skills,7,198,/blog/personal-vs-interpersonal-skills,77.8,5
corporate training video production,203,8.0,/blog/must-watch-corporate-training-videos,84.2,24,/topic/video-editing-training,92.2,179
vp role,203,15.4,/blog/vice-president-of-strategy-roles-responsibilities,3.1,192,/blog/vice-president-of-technology-roles-responsibilities,18.5,11
interactive training ideas,201,11.4,/blog/best-corporate-training-activities,12.3,195,/blog/corporate-training-games-for-employees,23.7,6
difference between intrapersonal and interpersonal,199,81.5,/blog/interpersonal-vs-intrapersonal-skills,10.5,197,/blog/personal-vs-interpersonal-skills,92,2
director position,196,2.0,/blog/director-of-finance-roles-responsibilities,4,1,/blog/executive-director-roles-and-responsibilities,6.0,195
executive role,196,5.4,/blog/chief-operating-officer-roles-and-responsibilities,1,1,/blog/executive-director-roles-and-responsibilities,6.4,195
corporate team building training,195,30.3,/blog/best-corporate-training-activities,52.2,107,/course/team-building-training,82.5,88
managing director job description,192,3.4,/blog/managing-director-roles-responsibilities,23.7,182,/blog/executive-director-roles-and-responsibilities,27.1,10
5 roles of a manager,186,46.8,/blog/general-manager-roles-responsibilities,3.2,185,/blog/product-manager-roles-responsibilities,50,1
skills assessment template,184,35.4,/templates/employee-skill-assessment-template,44.0,105,/blog/assess-employee-skills-with-skill-matrix,79.4,79
skills for csr,183,6.0,/blog/soft-skills-for-customer-service,35.8,63,/blog/must-have-customer-service-skills,41.8,120
head of development,180,46.0,/blog/head-of-business-development-roles-responsibilities,7.5,174,/blog/director-of-organizational-development-roles-responsibilities,53.5,6
leadership training services,180,44.7,/blog/leadership-training-companies-australia,17.8,172,/blog/leadership-training-companies,62.5,8
spc training,178,63.6,/blog/corporate-training-companies-ireland,1,1,/course/statistical-process-control-spc-training,64.6,177
managing director role,174,54.4,/blog/managing-director-roles-responsibilities,8.6,172,/blog/executive-director-roles-and-responsibilities,63,2
examples of skill gaps in the workplace,172,50.1,/blog/common-skills-gap-examples,8.9,171,/blog/how-to-identify-skill-gaps,59,1
corporate sales trainer,168,21.5,/category/sales-training,22.1,141,/blog/sales-training-companies,43.6,27
manager roles and responsibilities,167,58.7,/blog/general-manager-roles-responsibilities,11.3,164,/blog/10-key-project-manager-roles-responsibilities,70,3
program manager skills,166,48.0,/blog/program-manager-roles-and-responsibilities,35.5,160,/blog/it-manager-skills,83.5,6
seo team training,165,24.4,/course/search-engine-optimization-seo-training,47.1,163,/corporate/soft-skills-training-for-seo-teams,71.5,2
critical thinking training for employees,164,57.4,/blog/critical-thinking-activities-games-for-employees,11,128,/course/critical-thinking-training,68.4,36
ai training providers,160,75.8,/blog/top-ai-training-companies,9.1,144,/category/artificial-intelligence-training,84.9,16
corporate training solutions dubai,159,61.7,/blog/corporate-training-companies-dubai,10.3,158,/,72,1
employee engagement consulting firms,158,53.2,/blog/top-employee-engagement-consultants,10.9,144,/employee-engagement-consulting-services,64.1,14
interpersonal leadership,158,73.7,/blog/interpersonal-skills-in-leadership,10.7,150,/blog/personal-vs-interpersonal-skills,84.4,8
employee engagement consulting firm,156,54.2,/blog/top-employee-engagement-consultants,9,147,/employee-engagement-consulting-services,63.2,9
inter vs intrapersonal,156,69.7,/blog/interpersonal-vs-intrapersonal-skills,8.8,154,/blog/personal-vs-interpersonal-skills,78.5,2
behavioural training for employees,155,60.7,/type/behavioral-training,21.1,91,/course/corporate-behavior-training,81.8,64
corporate compliance training market,154,52.5,/type/compliance-training,41.6,116,/blog/corporate-training-market-analysis,94.1,38
corporate sales training companies,154,11.6,/category/sales-training,37.7,41,/blog/sales-training-companies,49.3,113
hr responsibilities,154,56.5,/blog/training-topics-for-hr-professionals,2,1,/blog/hr-manager-roles-responsibilities,58.5,153
coaching mentoring training,153,56.2,/blog/difference-between-training-mentoring-and-coaching,29.0,123,/course/coaching-and-mentoring-training,85.2,30
what is the difference between interpersonal and intrapersonal,152,76.7,/blog/interpersonal-vs-intrapersonal-skills,10.3,148,/blog/personal-vs-interpersonal-skills,87,4
employee training app,150,28.1,/blog/top-employee-training-tools,3,1,/blog/corporate-training-apps,31.1,149
customer service: soft skills fundamentals online course,149,12.3,/blog/soft-skills-for-customer-service,10.2,147,/corporate/soft-skills-training-for-customer-service-teams,22.5,2
training topic,149,5.2,/blog/professional-development-training-topics,4.8,148,/blog/trending-corporate-training-topics,10,1
leadership development ideas,148,12.4,/blog/employee-leadership-development,28.0,62,/blog/leadership-activities-exercises-games-for-employees,40.4,86
online soft skills training market,145,80.2,/blog/soft-skills-training-companies,17.5,135,/blog/corporate-training-market-analysis,97.7,10
best corporate sales training programs,144,34.9,/category/sales-training,23.6,108,/blog/sales-training-companies,58.5,36
data management training,144,5.0,/topic/data-management-training,63.1,132,/course/master-data-management-mdm-training,68.1,12
types of corporate training,144,58.4,/blog/types-of-corporate-training-programs,22.6,142,/blog/guide-to-effective-corporate-training-methods,81,2
interpersonal intrapersonal,143,74.7,/blog/interpersonal-vs-intrapersonal-skills,9.3,137,/blog/personal-vs-interpersonal-skills,84,6
interpersonal and interpersonal skills,142,87.7,/blog/interpersonal-vs-intrapersonal-skills,5.3,141,/blog/personal-vs-interpersonal-skills,93,1
coaching and mentoring training,142,57.5,/blog/difference-between-training-mentoring-and-coaching,32.1,113,/course/coaching-and-mentoring-training,89.6,29
skills matrix tool,142,55.0,/skill-matrix,36.4,108,/blog/assess-employee-skills-with-skill-matrix,91.4,34
hr training topics for employees,140,1.0,/blog/professional-development-training-topics,6.6,9,/blog/training-topics-for-hr-professionals,7.6,131
training industry top 20,139,2.4,/blog/corporate-training-companies-usa,5.3,3,/blog/top-corporate-training-companies,7.7,136
leadership training and development services market,139,4.3,/blog/leadership-training-companies,70.9,42,/blog/corporate-training-market-analysis,75.2,97
what are the top providers of soft skills training in the uae?,138,0.1,/blog/soft-skills-training-companies,10,2,/blog/corporate-training-companies-dubai,10.1,136
online credit training for corporate banking professionals,137,12.9,/topic/banking-training,45.0,98,/course/credit-analyst-training,57.9,39
how to build a management team,136,1.4,/blog/how-to-build-management-team,9,131,/blog/how-to-build-leadership-team,10.4,5
ai employee training companies italy,134,2.0,/blog/top-ai-training-companies,4.6,14,/blog/corporate-training-companies-italy,6.6,120
business development roles and responsibilities,133,28.4,/blog/business-development-manager-roles-responsibilities,9.0,125,/blog/head-of-business-development-roles-responsibilities,37.4,8
it manager skills,132,66.3,/blog/it-manager-skills,26.7,129,/blog/project-manager-skills,93,3
employee engagement experts,131,75.0,/blog/top-employee-engagement-consultants,18.0,130,/employee-engagement-consulting-services,93,1
watch full customer service: soft skills fundamentals,130,21.8,/blog/soft-skills-for-customer-service,17.2,129,/corporate/soft-skills-training-for-customer-service-teams,39,1
customer service: soft skills fundamentals course,129,9.4,/blog/soft-skills-for-customer-service,19.6,128,/corporate/soft-skills-training-for-customer-service-teams,29,1
it skills,129,52.0,/blog/most-in-demand-skills-in-it,13.2,48,/blog/it-manager-skills,65.2,81
interpersonal skills intrapersonal skills,128,82.2,/blog/interpersonal-vs-intrapersonal-skills,2.5,125,/blog/personal-vs-interpersonal-skills,84.7,3
key roles and responsibilities,128,2.0,/blog/managing-director-roles-responsibilities,5.0,127,/blog/10-key-project-manager-roles-responsibilities,7,1
corporate culture training,127,63.0,/course/intercultural-communication-training,1,1,/course/corporate-culture-training,64.0,126
training goals,127,32.0,/blog/goal-setting-activities-games-exercises,44.4,33,/blog/how-to-set-corporate-training-goals,76.4,94
job description managing director,124,41.1,/blog/managing-director-roles-responsibilities,19.4,91,/blog/executive-director-roles-and-responsibilities,60.5,33
employee engagement consulting companies,123,52.3,/blog/top-employee-engagement-consultants,10.3,116,/employee-engagement-consulting-services,62.6,7
it and software development training services market,123,32.3,/category/software-development-training,43.2,69,/blog/corporate-training-market-analysis,75.5,54
training strategy,123,33.5,/blog/how-to-create-annual-training-plan,48.3,63,/blog/workplace-training-strategies,81.8,60
identifying performance gaps,122,39.7,/blog/guide-to-understanding-performance-gaps,53.0,90,/blog/how-to-identify-skill-gaps,92.7,32
data warehouse training,121,13.2,/course/fundamentals-of-data-warehousing-training,45.8,69,/topic/data-warehousing-training,59.0,52
ceo duties and responsibilities,120,51.3,/blog/chief-executive-officer-roles-and-responsibilities,14.7,118,/blog/executive-director-roles-and-responsibilities,66,2
technical skills in management,120,59.0,/blog/it-manager-skills,14.7,111,/blog/essential-manager-skills,73.7,9
team building problem solving activities,119,6.4,/blog/problem-solving-activities-games-exercises,34.9,90,/blog/critical-thinking-activities-games-for-employees,41.3,29
difference between interpersonal skills and intrapersonal skills,118,74.5,/blog/interpersonal-vs-intrapersonal-skills,3.5,117,/blog/personal-vs-interpersonal-skills,78,1
customer service soft skills training,118,62.4,/blog/soft-skills-for-customer-service,11,82,/corporate/soft-skills-training-for-customer-service-teams,73.4,36
opposite of interpersonal skills,116,6,/blog/interpersonal-vs-intrapersonal-skills,4,109,/blog/personal-vs-interpersonal-skills,10,7
entrepreneurship training services market,115,31.8,/blog/corporate-training-companies-singapore,38.9,21,/blog/corporate-training-market-analysis,70.7,94
training ideas,115,12.3,/blog/best-corporate-training-activities,15.0,72,/blog/professional-development-training-topics,27.3,43
tailored erp training,114,40.6,/topic/erp-training,42.9,95,/course/sap-erp-planning-manufacturing-training,83.5,19
difference between personal and interpersonal skills,113,0.6,/blog/interpersonal-vs-intrapersonal-skills,1.5,2,/blog/personal-vs-interpersonal-skills,2.1,111
hris software training classes,113,3.9,/,9.3,3,/topic/hrms-hris-training,13.2,110
activities for communication skills,110,9,/blog/customer-service-activities-exercises-games-for-employees,1,1,/blog/communication-activities-games-exercises,10,109
corporate training sales,110,45.8,/category/sales-training,26.3,98,/blog/sales-training-companies,72.1,12
customer service competencies,109,19.0,/blog/must-have-customer-service-skills,47.1,101,/blog/how-to-build-customer-service-team,66.1,8
duties of a human resource manager,108,9,/blog/hr-manager-skills,1,1,/blog/hr-manager-roles-responsibilities,10,107
interpersonal vs intrapersonal relationships,108,64.2,/blog/interpersonal-vs-intrapersonal-skills,9.3,106,/blog/personal-vs-interpersonal-skills,73.5,2
sales team activities,108,37.8,/blog/sales-team-activities-exercises-games,18.1,93,/blog/how-to-build-high-performing-sales-team,55.9,15
skill gaps,108,18.3,/blog/how-to-identify-skill-gaps,68.0,58,/blog/common-skills-gap-examples,86.3,50
interpersonal relationships vs intrapersonal,107,60.0,/blog/interpersonal-vs-intrapersonal-skills,7.0,106,/blog/personal-vs-interpersonal-skills,67,1
cloud engineer skills,107,1.4,/blog/cloud-engineer-roles-responsibilities,50.5,24,/blog/cloud-engineer-skills,51.9,83
staff training topics,107,32.0,/blog/professional-development-training-topics,28.9,92,/blog/trending-corporate-training-topics,60.9,15
accountability vs responsibility,105,46.9,/blog/accountability-at-work,2,1,/blog/accountability-vs-responsibility,48.9,104
hrbp team,105,6.9,/blog/hr-business-partner-essential-skills,42.0,88,/blog/hr-business-partner-roles-responsibilities,48.9,17
cloud engineer job description,103,25.7,/blog/cloud-engineer-roles-responsibilities,34.6,55,/blog/aws-cloud-engineer-roles-responsibilities,60.3,48
best online courses for corporate credit analysis,102,1.5,/course/credit-analyst-training,48.9,67,/course/credit-analysis-training,50.4,35
top-rated online courses for corporate credit analysis,102,3.0,/course/credit-analyst-training,51.1,66,/course/credit-analysis-training,54.1,36
business development director,100,10.9,/blog/business-development-manager-roles-responsibilities,23.2,60,/blog/head-of-business-development-roles-responsibilities,34.1,40
hr software training,100,39.4,/topic/hrms-hris-training,38.5,93,/category/human-resource-training,77.9,7
mindful leadership training,100,14.5,/blog/mindful-leadership,49.9,75,/course/mindful-leadership-training,64.4,25
aws engineer skills,98,29.3,/blog/aws-cloud-engineer-roles-responsibilities,37.5,68,/blog/cloud-engineer-skills,66.8,30
best leadership training programs,98,43.4,/blog/leadership-training-companies-australia,30.9,14,/blog/leadership-training-companies,74.3,84
skills for customer service,98,15.4,/blog/soft-skills-for-customer-service,39,13,/blog/must-have-customer-service-skills,54.4,85
popular soft skills training programs,97,75.3,/blog/soft-skills-training-companies,10,94,/category/soft-skills-training,85.3,3
manager duties and responsibilities,97,44.5,/blog/general-manager-roles-responsibilities,12.9,92,/blog/product-manager-roles-responsibilities,57.4,5
self awareness training,97,3.2,/blog/increase-employee-self-awareness-at-work,47.5,4,/course/self-awareness-training,50.7,93
customer service soft skills,96,53.4,/blog/soft-skills-for-customer-service,30.2,88,/corporate/soft-skills-training-for-customer-service-teams,83.6,8
instructor led training,96,17.1,/blog/instructor-led-training-activities,67.3,14,/instructor-led-training-services,84.4,82
key leadership skills,96,84.0,/blog/leadership-accountability,1,2,/blog/top-leadership-skills,85.0,94
leadership development training topics,96,8.3,/blog/professional-development-training-topics,72.5,91,/blog/leadership-activities-exercises-games-for-employees,80.8,5
time management training for employees,96,42.1,/blog/time-management-activities-games-exercises,27.0,46,/course/time-management-training,69.1,50
training need analysis,96,14.2,/training-needs-analysis-solutions,47.2,67,/blog/levels-of-training-needs-analysis,61.4,29
duties and responsibilities of managing director,95,65.7,/blog/managing-director-roles-responsibilities,11,85,/blog/executive-director-roles-and-responsibilities,76.7,10
enterprise digital marketing training,95,22.3,/blog/digital-marketing-training-companies,16.5,20,/topic/digital-marketing-training,38.8,75
head of product job description,94,5.3,/blog/director-of-product-roles-responsibilities,53.0,88,/blog/product-manager-roles-responsibilities,58.3,6
training topics for employees development,94,60.6,/blog/professional-development-training-topics,30.9,90,/blog/trending-corporate-training-topics,91.5,4
corporate ethics training,93,42.4,/course/business-ethics-training,49.0,56,/course/workplace-integrity-training,91.4,37
individual development plan examples for bank employees,93,27.9,/blog/free-employee-development-plan-templates,23.3,81,/blog/employee-development-plan-examples,51.2,12
leadership training activities,93,45.4,/blog/critical-thinking-activities-games-for-employees,1,3,/blog/leadership-activities-exercises-games-for-employees,46.4,90
manager responsibilities,93,53.5,/blog/general-manager-roles-responsibilities,9.9,65,/blog/10-key-project-manager-roles-responsibilities,63.4,28
jooble jobs near me,92,0.6,/blog/skills-in-demand-in-botswana,3,1,/blog/skills-in-demand-in-china,3.6,91
managing gen z,92,3.3,/blog/managing-genz-employees-effectively,61,2,/blog/organizational-challenges-of-managing-genz-workers,64.3,90
motivational training topics for employees,92,0.9,/blog/trending-corporate-training-topics,5,1,/blog/professional-development-training-topics,5.9,91
training content,92,41.1,/blog/how-to-create-annual-training-plan,30,1,/blog/professional-development-training-topics,71.1,91
employee skills matrix,91,31.8,/blog/skill-matrix-vs-competency-matrix,41,1,/blog/assess-employee-skills-with-skill-matrix,72.8,90
training coordinator,91,19.0,/blog/corporate-trainer-job-description,1,1,/blog/training-coordinator-job-description,20.0,90
soft skills for customer service,90,79,/blog/soft-skills-for-customer-service,10,89,/corporate/soft-skills-training-for-customer-service-teams,89,1
corporate training best practices,90,45.2,/blog/employee-training-best-practices,22.7,55,/blog/guide-to-effective-corporate-training-methods,67.9,35
l&d performance tracking,90,38.9,/blog/learning-and-development-benchmarking,46.1,89,/blog/learning-and-development-kpis,85,1
staff development ideas,90,9.3,/blog/professional-development-training-topics,7.9,46,/blog/employee-development-ideas,17.2,44
leadership development conference,89,34.8,/blog/leadership-conferences-in-australia,8.2,12,/blog/leadership-conferences,43.0,77
behavioural training in corporates,89,44.1,/type/behavioral-training,24.2,50,/course/corporate-behavior-training,68.3,39
software training management,88,14.4,/training-management-software,50.9,85,/blog/key-training-management-system-tms-features,65.3,3
interpersonal and personal skills,87,1.4,/blog/interpersonal-vs-intrapersonal-skills,1,1,/blog/personal-vs-interpersonal-skills,2.4,86
business process management training,87,16.2,/course/business-process-management-training,53.5,66,/topic/business-process-training,69.7,21
soft skills customer service,87,57.6,/blog/soft-skills-for-customer-service,29.6,60,/corporate/soft-skills-training-for-customer-service-teams,87.2,27
leadership training conference,86,16.1,/blog/leadership-conferences-in-australia,10.8,61,/blog/leadership-conferences,26.9,25
uk corporate training market,86,35.4,/blog/corporate-training-companies-uk,47,45,/blog/corporate-training-market-analysis,82.4,41
corporate training india,85,5.5,/,3,1,/blog/corporate-training-companies-india,8.5,84
managing director tasks,85,0.3,/blog/managing-director-roles-responsibilities,13.4,56,/blog/executive-director-roles-and-responsibilities,13.7,29
ai training services,84,53.0,/blog/top-ai-training-companies,34.5,82,/category/artificial-intelligence-training,87.5,2
customer service excellence training,84,9.9,/customer-service-excellence-program,78.8,65,/course/customer-excellence-training,88.7,19
leadership communication strategies courses,84,13.2,/course/advanced-leadership-communication-strategies-training,67.7,42,/category/leadership-communication-training,80.9,42
business analyst role responsibilities,83,9.6,/blog/must-have-skills-for-business-analyst,1,1,/blog/business-analyst-roles-and-responsibilities,10.6,82
training methods,83,50.7,/blog/importance-of-corporate-training,1,1,/blog/guide-to-effective-corporate-training-methods,51.7,82
communication and interpersonal skills,82,34.5,/blog/interpersonal-vs-intrapersonal-skills,42.8,20,/blog/personal-vs-interpersonal-skills,77.3,62
marketable skills to learn in 2026,81,3.1,/blog/skills-in-demand-in-nigeria,7.7,10,/blog/skills-in-demand-in-kenya,10.8,71
company sales training,81,1.6,/blog/sales-training-companies,42.9,44,/category/sales-training,44.5,37
development ideas for work,81,2.8,/blog/employee-development-ideas,17.5,63,/blog/professional-development-training-topics,20.3,18
sales training corporate,81,41.1,/category/sales-training,26.5,54,/blog/sales-training-companies,67.6,27
senior leadership communication training,80,20.0,/category/leadership-communication-training,71.6,43,/course/advanced-leadership-communication-strategies-training,91.6,37
training management,80,13.8,/blog/key-training-management-system-tms-features,55.3,66,/training-management-software,69.1,14
corporate language,79,48.6,/blog/communication-skills-for-managers,1,1,/blog/corporate-language-training,49.6,78
executive roles and responsibilities,79,50.8,/blog/executive-director-roles-and-responsibilities,5.7,75,/blog/chief-executive-officer-roles-and-responsibilities,56.5,4
finance compliance corporate training course,79,36.7,/course/finance-compliance-training,34.6,63,/type/compliance-training,71.3,16
interpersonal opposite,79,42.7,/blog/interpersonal-vs-intrapersonal-skills,10.3,78,/blog/personal-vs-interpersonal-skills,53,1
interpersonal skills and communication skills,79,50.2,/blog/interpersonal-vs-intrapersonal-skills,39.9,40,/blog/personal-vs-interpersonal-skills,90.1,39
artificial intelligence in corporate learning,78,37.0,/blog/ai-in-corporate-training,38.2,48,/category/artificial-intelligence-training,75.2,30
benefits of corporate training,78,27.1,/blog/advantages-of-corporate-training,53.6,42,/blog/importance-of-corporate-training,80.7,36
best enterprise sales training,78,37.1,/category/sales-training,30.6,36,/blog/sales-training-companies,67.7,42
managedtrainingservices.uk,78,74.1,/managed-training-services,25.6,75,/,99.7,3
stress management training for employees,77,70.5,/blog/stress-management-activities-games-exercises-for-employees,7.7,58,/course/stress-management-training,78.2,19
opposite of interpersonal,77,64.5,/blog/interpersonal-vs-intrapersonal-skills,11.0,75,/blog/personal-vs-interpersonal-skills,75.5,2
company-wide ai training providers,76,84.5,/blog/top-ai-training-companies,8.2,69,/category/artificial-intelligence-training,92.7,7
personal skills vs interpersonal skills,76,18.8,/blog/personal-vs-interpersonal-skills,2.2,74,/blog/interpersonal-vs-intrapersonal-skills,21,2
call center soft skills training,76,20.4,/blog/soft-skills-for-customer-service,37.1,16,/corporate/soft-skills-training-for-customer-service-teams,57.5,60
executive roles,76,49.2,/blog/executive-director-roles-and-responsibilities,29,60,/blog/chief-executive-officer-roles-and-responsibilities,78.2,16
advantages of interpersonal skills,75,15.6,/blog/personal-vs-interpersonal-skills,61.3,40,/blog/interpersonal-skills-in-leadership,76.9,35
big-ip training,75,6.0,/course/f5-troubleshooting-big-ip-training,48.2,43,/course/f5-big-ip-administration-training,54.2,32
company leadership programs,75,53.8,/blog/leadership-training-companies-australia,22.2,72,/blog/leadership-training-companies,76,3
sales training programs for companies,75,10.9,/category/sales-training,47.0,45,/blog/sales-training-companies,57.9,30
examples of competency gaps,74,92.9,/blog/common-skills-gap-examples,7.1,73,/blog/how-to-identify-skill-gaps,100,1
corporate credit training program,74,32.9,/course/credit-analyst-training,37.8,71,/course/credit-analysis-training,70.7,3
duties of managing director,74,63.7,/blog/managing-director-roles-responsibilities,12.6,71,/blog/executive-director-roles-and-responsibilities,76.3,3
hoshin kanri training,74,55.6,/blog/hoshin-kanri-matrix-guide,16.4,72,/course/hoshin-planning-training,72,2
list of training topics for employees,74,9.7,/blog/trending-corporate-training-topics,2.4,8,/blog/professional-development-training-topics,12.1,66
mobile learning corporate training,74,33.6,/blog/corporate-training-apps,51.4,47,/category/mobile-app-development-training,85,27
operational excellence training,74,25.5,/course/operational-excellence-training,58.9,61,/category/operations-management-training,84.4,13
store management training,74,41.9,/course/store-management-training,27.1,64,/course/retail-management-training,69,10
what is the company name for agiltraining.cl,74,39.3,/blog/corporate-training-companies-netherlands,8.2,72,/blog/corporate-training-companies-usa,47.5,2
accountability in the workplace training,73,39.8,/blog/accountability-activities-exercises-games-for-employees,36.0,40,/blog/accountability-at-work,75.8,33
big-ip course,73,1.3,/course/f5-big-ip-administration-training,48.2,37,/course/f5-troubleshooting-big-ip-training,49.5,36
corporate leadership training providers australia,72,1.6,/blog/leadership-training-companies-australia,2.4,68,/blog/corporate-training-companies-australia,4,4
bank employee training courses,72,33.9,/topic/banking-training,43.4,43,/course/retail-banking-training,77.3,29
enterprise ai training solutions,72,45.3,/blog/top-ai-training-companies,26.9,34,/category/artificial-intelligence-training,72.2,38
informatica cloud training,72,18.0,/course/informatica-cloud-data-integration-training,40.5,47,/course/informatica-cloud-training,58.5,25
learning and development outsourcing,72,20.1,/blog/in-house-training-vs-outsourced-training,67.4,70,/managed-training-services,87.5,2
senior leadership communication trainings,72,20.1,/category/leadership-communication-training,67.6,45,/course/advanced-leadership-communication-strategies-training,87.7,27
technical skills for customer service,72,35.8,/blog/building-t-shaped-skills-at-work,2,1,/blog/must-have-customer-service-skills,37.8,71
trainer responsibilities,72,44.0,/blog/corporate-trainer-job-description,19.0,69,/blog/training-coordinator-job-description,63,3
corporate diversity training,71,1.1,/category/workplace-diversity-and-inclusion-training,65.2,68,/course/corporate-diversity-training,66.3,3
effective training techniques,71,52.4,/blog/guide-to-effective-corporate-training-methods,38.5,62,/blog/workplace-training-strategies,90.9,9
in demand jobs in the next 10 years,71,0.5,/blog/skills-in-demand-in-ireland,22.5,68,/blog/skills-in-demand-in-malaysia,23,3
corporate credit analysis course,70,6.4,/course/credit-analyst-training,50.6,41,/course/credit-analysis-training,57.0,29
corporate leadership development training,70,27.6,/blog/leadership-training-companies-australia,32,1,/type/leadership-training,59.6,69
cultural sensitivity examples,70,47.6,/blog/cultural-sensitivity-vs-cultural-competence,10.2,58,/blog/importance-of-cultural-sensitivity-in-workplace,57.8,12
leadership communication strategies course,70,10.1,/course/advanced-leadership-communication-strategies-training,67.3,34,/category/leadership-communication-training,77.4,36
pega rpa training,70,15.6,/course/pega-robotic-system-architect-training,16.4,35,/course/pega-robot-manager-training,32.0,35
interpersonal vs. intrapersonal,69,58.7,/blog/interpersonal-vs-intrapersonal-skills,7.3,68,/blog/personal-vs-interpersonal-skills,66,1
companies with best sales training,69,31.1,/blog/sales-training-companies,53.8,51,/category/sales-training,84.9,18
design a corporate language training,69,66.1,/blog/corporate-language-training,30.6,59,/blog/how-to-create-corporate-training-materials,96.7,10
hr skills,69,75.1,/blog/hr-business-partner-essential-skills,1,1,/blog/hr-manager-skills,76.1,68
leadership accountability training,69,44.6,/blog/leadership-accountability,42.4,68,/course/ownership-and-accountability-training,87,1
managed training service provider,69,60.6,/managed-training-services,15.8,44,/blog/corporate-training-companies-usa,76.4,25
training and development topics,69,47.4,/blog/professional-development-training-topics,46.9,52,/blog/what-is-employee-training-and-development,94.3,17
training activities,68,10,/blog/employee-training-best-practices,2,1,/blog/best-corporate-training-activities,12,67
azure instructor led training,68,1.8,/course/microsoft-azure-administrator-training,52.7,47,/course/microsoft-azure-solutions-architect-training,54.5,21
benefits of interpersonal skills,68,30.3,/blog/interpersonal-skills-in-leadership,40.8,34,/blog/personal-vs-interpersonal-skills,71.1,34
interpersonal soft skills,68,16.6,/blog/interpersonal-vs-intrapersonal-skills,38,7,/blog/personal-vs-interpersonal-skills,54.6,61
business development roles,67,66.2,/blog/head-of-business-development-roles-responsibilities,10.8,66,/blog/business-development-manager-roles-responsibilities,77,1
corporate sales training course,67,38.5,/category/sales-training,32.5,66,/course/outbound-sales-training,71,1
human resources job description,67,73.5,/blog/training-topics-for-hr-professionals,2,1,/blog/hr-manager-roles-responsibilities,75.5,66
leadership communication skills training,67,7.5,/category/leadership-communication-training,64.7,63,/course/advanced-leadership-communication-strategies-training,72.2,4
program management roles and responsibilities,67,49.0,/blog/program-manager-roles-and-responsibilities,17.0,63,/blog/10-key-project-manager-roles-responsibilities,66,4
sales psychology training,67,11.1,/category/sales-training,35,4,/course/psychology-of-selling-training,46.1,63
senior leadership communication course,67,21.1,/category/leadership-communication-training,68.9,45,/course/advanced-leadership-communication-strategies-training,90.0,22
communication training for leaders,66,20.1,/category/leadership-communication-training,59.7,62,/blog/effective-leadership-communication-tips,79.8,4
corporate programmes,66,2.2,/blog/corporate-training-companies-singapore,45.3,33,/blog/types-of-corporate-training-programs,47.5,33
culturally sensitive,66,29.4,/blog/cultural-sensitivity-vs-cultural-competence,59.1,35,/blog/importance-of-cultural-sensitivity-in-workplace,88.5,31
enterprise sales courses,66,52.1,/category/sales-training,24.9,65,/course/outbound-sales-training,77,1
hris analyst training,66,9.3,/topic/hrms-hris-training,31.4,63,/blog/hris-analyst-roles-and-responsibilities,40.7,3
personality development corporate training,66,66.3,/course/personality-development-training,17.7,63,/blog/corporate-training-companies-canada,84,3
sales training for technology companies,66,44.7,/category/sales-training,35.6,7,/blog/sales-training-companies,80.3,59
senior leadership communication courses,66,21.5,/category/leadership-communication-training,68.2,46,/course/advanced-leadership-communication-strategies-training,89.7,20
top 20 sales training companies,66,26.0,/blog/sales-training-companies,44.0,65,/category/sales-training,70,1
best leadership training,65,51.7,/blog/leadership-training-companies-australia,23.7,15,/blog/leadership-training-companies,75.4,50
instructor-led training,65,28.0,/blog/instructor-led-training-activities,55.3,3,/instructor-led-training-services,83.3,62
training on accountability,65,56.1,/blog/accountability-activities-exercises-games-for-employees,31.2,32,/course/ownership-and-accountability-training,87.3,33
best leadership development programs,64,32.6,/blog/leadership-training-companies-australia,45,4,/blog/leadership-training-companies,77.6,60
corporate excel training,64,36.9,/course/microsoft-excel-training,45.1,63,/topic/microsoft-office-tools-training,82,1
finance leadership skills,64,21.8,/blog/guide-on-financial-leadership,56.4,41,/blog/finance-managers-behavioral-skills,78.2,23
kuwait private sector company training,64,7.1,/blog/skills-in-demand-in-kuwait,2,1,/blog/corporate-training-companies-kuwait,9.1,63
training and mentoring,64,57.5,/blog/difference-between-training-mentoring-and-coaching,35.8,61,/course/coaching-and-mentoring-training,93.3,3
l&d team structure,63,54.1,/blog/how-to-optimize-l-and-d-team-structure,3.1,59,/blog/learning-and-development-strategy-components,57.2,4
bespoke erp training,63,21.8,/topic/erp-training,63.6,55,/course/sap-erp-planning-manufacturing-training,85.4,8
c suite leadership fatigue,63,66.9,/blog/ceo-decision-fatigue,13.7,35,/blog/ceo-burnout-symptoms,80.6,28
communication training topics,63,55.6,/blog/communication-activities-games-exercises,20.7,54,/blog/trending-corporate-training-topics,76.3,9
customer service team building,63,56.4,/blog/customer-service-activities-exercises-games-for-employees,23.6,60,/blog/how-to-build-customer-service-team,80,3
interpersonal communication skills,63,39.2,/blog/interpersonal-vs-intrapersonal-skills,37,2,/blog/personal-vs-interpersonal-skills,76.2,61
leadership communications training,63,15.6,/category/leadership-communication-training,68.5,45,/course/advanced-leadership-communication-strategies-training,84.1,18
office etiquette,63,36.7,/blog/germany-work-culture,5,1,/blog/workplace-etiquette-dos-and-donts,41.7,62
role of executive,63,78.5,/blog/executive-director-roles-and-responsibilities,16.5,62,/blog/chief-executive-officer-roles-and-responsibilities,95,1
virtual leadership development courses for employee,63,28.8,/course/virtual-leadership-training,62.2,60,/course/remote-leadership-training,91,3
top training providers in the philippines,62,3.1,/blog/skills-in-demand-in-philippines,1,1,/blog/corporate-training-companies-philippines,4.1,61
corporate sustainability training,62,6.3,/category/environmental-sustainability-training,51.7,59,/course/environmental-social-and-governance-esg-policy-training,58,3
industry skills,62,1.8,/blog/manufacturing-industry-skills-in-demand,20.2,61,/blog/skills-in-demand-in-usa,22,1
operational excellence training courses,62,24.0,/course/operational-excellence-training,59.8,43,/category/operations-management-training,83.8,19
personal accountability training,62,48.6,/blog/accountability-activities-exercises-games-for-employees,31.3,26,/course/ownership-and-accountability-training,79.9,36
professional development examples,62,70.4,/blog/professional-development-goals,13.2,47,/blog/professional-development-training-topics,83.6,15
banking training,61,23.2,/topic/banking-training,59.8,58,/course/retail-banking-training,83,3
corporate leadership training market,61,11.2,/blog/leadership-training-companies,68,29,/blog/corporate-training-market-analysis,79.2,32
process training,61,22.5,/topic/business-process-training,48.2,18,/topic/process-improvement-training,70.7,43
soft skills training for call center agents,61,16.3,/blog/soft-skills-for-customer-service,41.3,27,/corporate/soft-skills-training-for-customer-service-teams,57.6,34
role of business development manager,60,80,/blog/business-development-manager-roles-responsibilities,11,59,/blog/head-of-business-development-roles-responsibilities,91,1
employee training and development process,60,0.8,/blog/what-is-employee-training-and-development,67.5,16,/blog/four-phases-of-employee-development,68.3,44
great project manager skills,60,1.1,/blog/interpersonal-skills-in-project-management,64.5,2,/blog/project-manager-skills,65.6,58
kaizen leader training,60,14.3,/course/kaizen-leadership-training,34.2,18,/course/kaizen-training,48.5,42
leadership projects,60,13.7,/blog/leadership-in-project-management,50.5,40,/blog/leadership-activities-exercises-games-for-employees,64.2,20
leadership skills for finance managers,60,14.0,/blog/finance-managers-behavioral-skills,63.4,36,/blog/guide-on-financial-leadership,77.4,24
lightning training salesforce,60,7.7,/course/salesforce-lightning-training,43.9,27,/course/salesforce-field-service-lightning-training,51.6,33
women leadership topics,60,1.2,/blog/women-leadership-qualities,52.4,13,/blog/women-leadership-development-programs,53.6,47
personal skills and interpersonal skills,59,20.2,/blog/personal-vs-interpersonal-skills,2.3,57,/blog/interpersonal-vs-intrapersonal-skills,22.5,2
corporate sensitivity training,59,31.6,/course/sensitivity-training,34.5,29,/course/cultural-sensitivity-training,66.1,30
corporate trainer skills,59,56.9,/blog/corporate-trainer-job-description,27.3,45,/blog/how-to-become-a-corporate-trainer,84.2,14
hr roles,59,37.9,/blog/chief-human-resource-officer-roles-responsibilities,9,1,/blog/hr-manager-roles-responsibilities,46.9,58
retention training,59,12.2,/course/employee-retention-training,69.0,38,/course/customer-retention-training,81.2,21
training coordinator roles and responsibilities,59,8.7,/blog/training-coordinator-job-description,9.3,58,/blog/corporate-trainer-job-description,18,1
intrapersonal versus interpersonal,58,62.7,/blog/interpersonal-vs-intrapersonal-skills,8.3,56,/blog/personal-vs-interpersonal-skills,71,2
business team,58,35.5,/blog/singapore-work-culture,1,1,/blog/how-to-build-a-business-team,36.5,57
employee coaching platform,58,67.9,/coaching-solutions,14,1,/blog/top-employee-training-tools,81.9,57
excellence in customer service training,58,11.9,/course/customer-excellence-training,72.9,7,/customer-service-excellence-program,84.8,51
operational excellence training course,58,28.4,/course/operational-excellence-training,61.1,48,/category/operations-management-training,89.5,10
top 10 leadership skills,58,7.1,/blog/top-leadership-skills,72.5,48,/blog/leadership-competencies,79.6,10
leadership training games for employees,57,1,/blog/leadership-activities-exercises-games-for-employees,10,55,/blog/accountability-activities-exercises-games-for-employees,11,2
business analyst meaning,57,35.0,/blog/must-have-skills-for-business-analyst,2,1,/blog/business-analyst-roles-and-responsibilities,37.0,56
director duties and responsibilities,57,16.4,/blog/managing-director-roles-responsibilities,26.9,36,/blog/executive-director-roles-and-responsibilities,43.3,21
director role,57,16.1,/blog/managing-director-roles-responsibilities,22.7,41,/blog/executive-director-roles-and-responsibilities,38.8,16
employee development activities,57,49.1,/blog/employee-development-ideas,22.5,49,/blog/what-is-employee-training-and-development,71.6,8
inventory training,57,10.0,/course/introduction-to-inventory-management-training,55.1,17,/topic/inventory-management-training,65.1,40
leadership development for managers,57,2.0,/blog/transform-managers-to-leaders,78.2,20,/blog/employee-leadership-development,80.2,37
logistics staff training,57,28.6,/topic/logistics-training,47.8,32,/corporate/soft-skills-training-for-logistics-teams,76.4,25
top corporate training companies for ai technology education programs,56,9.2,/blog/top-ai-training-companies,3,52,/,12.2,4
best it training center philippines,56,10,/blog/skills-in-demand-in-philippines,2,1,/blog/corporate-training-companies-philippines,12,55
business development manager role,56,53.7,/blog/business-development-manager-roles-responsibilities,43.8,54,/blog/head-of-business-development-roles-responsibilities,97.5,2
company ethics training,56,41.9,/course/business-ethics-training,50.9,48,/course/workplace-integrity-training,92.8,8
corprorate technical learning,56,77.6,/type/it-technical-training,19.4,54,/corporate-training-pricing,97,2
time management training,56,15.9,/blog/time-management-activities-games-exercises,33,1,/course/time-management-training,48.9,55
role of a managing director,55,83.2,/blog/managing-director-roles-responsibilities,6.8,54,/blog/executive-director-roles-and-responsibilities,90,1
decision making training for managers,55,30.4,/category/decision-making-training,45.0,29,/course/leadership-decision-making-training,75.4,26
leadership skills list,55,64.3,/blog/leadership-competencies,2,1,/blog/top-leadership-skills,66.3,54
professional development training ideas,55,10.0,/blog/professional-development-training-topics,37.0,53,/blog/employee-development-ideas,47,2
it admin training,54,26.3,/topic/it-administration-training,41.8,40,/course/system-administration-training,68.1,14
personal accountability training course,54,17.6,/blog/accountability-activities-exercises-games-for-employees,46.2,4,/course/ownership-and-accountability-training,63.8,50
training operational excellence,54,20.1,/course/operational-excellence-training,58.9,49,/category/operations-management-training,79,5
best practices for training new employees,53,13.2,/blog/employee-training-best-practices,33,8,/blog/new-employee-training-tips,46.2,45
creating training materials,53,34.2,/blog/how-to-create-corporate-training-materials,60.8,52,/blog/creating-effective-training-manual,95,1
leadership interpersonal skills,53,50.6,/blog/interpersonal-skills-in-leadership,29.4,49,/blog/personal-vs-interpersonal-skills,80,4
learning and development department structure,53,82.6,/blog/how-to-optimize-l-and-d-team-structure,8.9,51,/blog/learning-and-development-strategy-components,91.5,2
soft skills and behavioral competencies training courses,53,49.7,/type/behavioral-training,37.3,38,/category/soft-skills-training,87,15
interpersonal intrapersonal skills,52,85.3,/blog/interpersonal-vs-intrapersonal-skills,1.7,49,/blog/personal-vs-interpersonal-skills,87,3
behavioral training,52,44.7,/type/behavioral-training,38.1,35,/blog/behavioral-competencies,82.8,17
collaboration skills courses,52,26.6,/course/collaboration-skills-training,48.9,42,/course/collaborative-leadership-skills-training,75.5,10
communication skills and interpersonal skills,52,38.0,/blog/interpersonal-vs-intrapersonal-skills,40.7,29,/blog/personal-vs-interpersonal-skills,78.7,23
corporate diversity training programs,52,26.1,/category/workplace-diversity-and-inclusion-training,64.1,48,/course/corporate-diversity-training,90.2,4
soft skills finance,52,32.7,/corporate/soft-skills-training-for-finance-teams,53.2,29,/blog/finance-managers-behavioral-skills,85.9,23
ta manager,52,15.5,/blog/talent-acquisition-manager-roles-responsibilities,8.9,43,/blog/talent-acquisition-manager-skills,24.4,9
accountability skills courses,51,29.9,/blog/accountability-activities-exercises-games-for-employees,48.7,3,/course/ownership-and-accountability-training,78.6,48
corporate data science training,51,32.7,/category/data-science-training,44.1,41,/course/introduction-to-data-science-training,76.8,10
mexico corporate training market,51,34.5,/blog/corporate-training-companies-mexico,33.4,27,/blog/corporate-training-market-analysis,67.9,24
skill matrix tool,51,51.8,/skill-matrix,38.1,32,/blog/assess-employee-skills-with-skill-matrix,89.9,19
training for corporate credit decision making,51,4.7,/course/credit-analyst-training,33.3,29,/course/credit-analysis-training,38.0,22
accountability training course,50,3.5,/blog/accountability-activities-exercises-games-for-employees,64,1,/course/ownership-and-accountability-training,67.5,49
bpm learning services offering,50,8.7,/course/business-process-management-training,35.8,17,/topic/business-process-training,44.5,33
company culture training,50,69.9,/course/intercultural-communication-training,1,1,/course/corporate-culture-training,70.9,49
corporate communication training,50,45.5,/course/business-communication-skills-training,45.2,47,/category/leadership-communication-training,90.7,3
corporate e learning solution,50,24.4,/blog/best-lms-for-corporate-training,60,1,/,84.4,49
employee development plan examples,50,0.7,/blog/free-employee-development-plan-templates,54.5,11,/blog/employee-development-plan-examples,55.2,39
leadership communication courses,50,17.5,/category/leadership-communication-training,67.4,31,/course/advanced-leadership-communication-strategies-training,84.9,19
professional development workshops ideas,50,9.7,/blog/employee-development-ideas,3.5,2,/blog/professional-development-training-topics,13.2,48
soft skills training for engineering students,50,68.5,/corporate/soft-skills-training-for-engineering-teams,19.1,40,/corporate/soft-skills-training-for-technical-support-teams,87.6,10
what is interpersonal skill,50,15.1,/blog/interpersonal-vs-intrapersonal-skills,36.7,6,/blog/personal-vs-interpersonal-skills,51.8,44
